CV Mean Accuracy,CV Std
0.9015000000000001,0.0029916550603302913
